sequence,phase,outcome,reported_credits,effective_debit
1,pilot,returned_fixture,1,1
2,pilot,returned_fixture,1,1
3,pilot,returned_fixture,1,1
4,pilot,returned_fixture,1,1
5,pilot,returned_fixture,1,1
6,pilot,returned_fixture,1,1
7,pilot,returned_fixture,1,1
8,pilot,returned_fixture,1,1
9,pilot,returned_fixture,1,1
10,pilot,returned_fixture,1,1
11,pilot,returned_fixture,1,1
12,pilot,returned_fixture,1,1
13,pilot,returned_fixture,1,1
14,pilot,returned_fixture,1,1
15,pilot,returned_fixture,1,1
16,pilot,returned_fixture,1,1
17,pilot,returned_fixture,1,1
18,pilot,returned_fixture,1,1
19,pilot,returned_fixture,1,1
20,pilot,returned_fixture,1,1
21,pilot,returned_fixture,1,1
22,pilot,returned_fixture,1,1
23,pilot,returned_fixture,1,1
24,pilot,returned_fixture,1,1
25,expansion,returned_fixture,1,1
26,expansion,returned_fixture,1,1
27,expansion,returned_fixture,1,1
28,expansion,returned_fixture,1,1
29,expansion,returned_fixture,1,1
30,expansion,returned_fixture,1,1
31,expansion,returned_fixture,1,1
32,expansion,returned_fixture,1,1
33,expansion,returned_fixture,1,1
34,expansion,returned_fixture,1,1
35,expansion,returned_fixture,1,1
36,expansion,returned_fixture,1,1
37,expansion,returned_fixture,1,1
38,expansion,returned_fixture,1,1
39,expansion,returned_fixture,1,1
40,expansion,returned_fixture,1,1
41,expansion,returned_fixture,1,1
42,expansion,returned_fixture,1,1
43,expansion,returned_fixture,1,1
44,expansion,returned_fixture,1,1
45,expansion,returned_fixture,1,1
46,expansion,returned_fixture,1,1
47,expansion,returned_fixture,1,1
48,expansion,returned_fixture,1,1
49,expansion,returned_fixture,1,1
50,expansion,returned_fixture,1,1
51,expansion,returned_fixture,1,1
52,expansion,returned_fixture,1,1
53,expansion,returned_fixture,1,1
54,expansion,returned_fixture,1,1
55,expansion,returned_fixture,1,1
56,expansion,returned_fixture,1,1
57,expansion,returned_fixture,1,1
58,expansion,returned_fixture,1,1
59,expansion,returned_fixture,1,1
60,expansion,returned_fixture,1,1
61,expansion,returned_fixture,1,1
62,expansion,returned_fixture,1,1
63,expansion,returned_fixture,1,1
64,expansion,returned_fixture,1,1
65,expansion,returned_fixture,1,1
66,expansion,returned_fixture,1,1
67,expansion,returned_fixture,1,1
68,expansion,returned_fixture,1,1
69,expansion,returned_fixture,1,1
70,expansion,returned_fixture,1,1
71,expansion,returned_fixture,1,1
72,expansion,returned_fixture,1,1
73,expansion,returned_fixture,1,1
74,expansion,returned_fixture,1,1
75,expansion,returned_fixture,1,1
76,expansion,returned_fixture,1,1
77,expansion,returned_fixture,1,1
78,expansion,returned_fixture,1,1
79,expansion,returned_fixture,1,1
80,expansion,returned_fixture,1,1
81,expansion,returned_fixture,1,1
82,expansion,returned_fixture,1,1
83,expansion,returned_fixture,1,1
84,expansion,returned_fixture,1,1
85,expansion,returned_fixture,1,1
86,expansion,returned_fixture,1,1
87,expansion,returned_fixture,1,1
88,expansion,returned_fixture,1,1
89,expansion,returned_fixture,1,1
90,expansion,returned_fixture,1,1
91,expansion,returned_fixture,1,1
92,expansion,returned_fixture,1,1
93,expansion,returned_fixture,1,1
94,expansion,returned_fixture,1,1
95,expansion,returned_fixture,1,1
96,expansion,returned_fixture,1,1
97,expansion,returned_fixture,1,1
98,expansion,returned_fixture,1,1
99,expansion,returned_fixture,1,1
100,expansion,returned_fixture,1,1
101,expansion,returned_fixture,1,1
102,expansion,returned_fixture,1,1
103,expansion,returned_fixture,1,1
104,expansion,returned_fixture,1,1
105,expansion,returned_fixture,1,1
106,expansion,returned_fixture,1,1
107,expansion,connector_catalog_rejection,,0
107,expansion,returned_fixture,1,1
108,expansion,returned_fixture,1,1
109,expansion,returned_fixture,1,1
110,expansion,returned_fixture,1,1
111,expansion,returned_fixture,1,1
112,expansion,returned_fixture,1,1
113,expansion,returned_fixture,1,1
114,expansion,returned_fixture,1,1
115,expansion,returned_fixture,1,1
116,expansion,returned_fixture,1,1
117,expansion,returned_fixture,1,1
118,expansion,returned_fixture,1,1
119,expansion,returned_fixture,1,1
120,expansion,returned_fixture,1,1
121,expansion,returned_fixture,1,1
122,expansion,returned_fixture,1,1
123,expansion,returned_fixture,1,1
124,expansion,returned_fixture,1,1
125,expansion,returned_fixture,1,1
126,expansion,returned_fixture,1,1
127,expansion,returned_fixture,1,1
128,expansion,returned_fixture,1,1
129,expansion,returned_fixture,1,1
130,expansion,returned_fixture,1,1
131,expansion,returned_fixture,1,1
132,expansion,returned_fixture,1,1
133,expansion,returned_fixture,1,1
134,expansion,returned_fixture,1,1
135,expansion,returned_fixture,1,1
136,expansion,returned_fixture,1,1
137,expansion,returned_fixture,1,1
138,expansion,returned_fixture,1,1
139,expansion,returned_fixture,1,1
140,expansion,returned_fixture,1,1
141,expansion,returned_fixture,1,1
142,expansion,returned_fixture,1,1
143,expansion,returned_fixture,1,1
144,expansion,returned_fixture,1,1
145,expansion,returned_fixture,1,1
146,expansion,returned_fixture,1,1
147,expansion,returned_fixture,1,1
148,expansion,returned_fixture,1,1
149,expansion,returned_fixture,1,1
150,expansion,returned_fixture,1,1
151,expansion,returned_fixture,1,1
152,expansion,returned_fixture,1,1
153,expansion,returned_fixture,1,1
154,expansion,returned_fixture,1,1
155,expansion,returned_fixture,1,1
156,expansion,returned_fixture,1,1
157,expansion,returned_fixture,1,1
158,expansion,returned_fixture,1,1
159,expansion,returned_fixture,1,1
160,expansion,returned_fixture,1,1
161,expansion,returned_fixture,1,1
162,expansion,returned_fixture,1,1
163,expansion,returned_fixture,1,1
164,expansion,returned_fixture,1,1
165,expansion,returned_fixture,1,1
166,expansion,returned_fixture,1,1
167,expansion,returned_fixture,1,1
168,expansion,returned_fixture,1,1
169,expansion,returned_fixture,1,1
170,expansion,returned_fixture,1,1
171,expansion,returned_fixture,1,1
172,expansion,returned_fixture,1,1
173,expansion,returned_fixture,1,1
174,expansion,returned_fixture,1,1
175,expansion,returned_fixture,1,1
176,expansion,returned_fixture,1,1
177,expansion,returned_fixture,1,1
178,expansion,returned_fixture,1,1
179,expansion,returned_fixture,1,1
180,expansion,returned_fixture,1,1
181,expansion,returned_fixture,1,1
182,expansion,returned_fixture,1,1
183,expansion,returned_fixture,1,1
184,expansion,returned_fixture,1,1
185,expansion,returned_fixture,1,1
186,expansion,returned_fixture,1,1
187,expansion,returned_fixture,1,1
188,expansion,returned_fixture,1,1
189,expansion,returned_fixture,1,1
190,expansion,returned_fixture,1,1
191,expansion,returned_fixture,1,1
192,expansion,returned_fixture,1,1
193,expansion,returned_fixture,1,1
194,expansion,returned_fixture,1,1
195,expansion,returned_fixture,1,1
196,expansion,returned_fixture,1,1
197,expansion,returned_fixture,1,1
198,expansion,returned_fixture,1,1
199,expansion,returned_fixture,1,1
200,expansion,returned_fixture,1,1
