sequence,phase,fixture,setting,unit_type,replicate,pair_position,role,target_status,credits,basic_preservation,html_structure,two_numeric_prices,visible_only_markdown,markdown_sha256,html_sha256
1,pilot,complete-catalog,complete-catalog,exploratory-pilot,,,exploratory-pilot,200,1,True,,True,,47f3eaca14127cf37f8b2feb214466cf0a143f01d57644cd5cfa744fd9512f57,719598c354cbf7ca4cf1d2192e67c41acce4a6ef679eef3f80eb93d85e710242
2,pilot,dynamic-delayed,delayed-js-wait-2500,exploratory-pilot,,,exploratory-pilot,200,1,True,,,,19a053c2c815e910164261071614328d607cceb4c990bdab9d5c71a63f170206,3f714232695f1815cb5218798ceea6078231d08a6128df2e66f2deb9099b4015
3,pilot,markdown-article,article-main,exploratory-pilot,,,exploratory-pilot,200,1,True,,,,97d3694479167f6af2c972e9b81bc1ff25d5f62afe466eb442c21bcb32dfc1b0,6176e5df5d46bbf329ad64349f2696a2efededa18487b5618ac106c9f1b35394
4,pilot,missing-price,missing-price,exploratory-pilot,,,exploratory-pilot,200,1,True,,False,,c69d9f93456b9366b1819effdade477f241f04e8272236d6b274287bc5752116,88f54ebafb0554aa51fb954e814bcf675cda53fc7d3d11eb9e3b859bbbe754bd
5,pilot,html-tables,tables-main,exploratory-pilot,,,main-content-repeat-1,200,1,True,True,,False,55257fe0b222a313575b01920b08db8f52b56cdf70296c8256fd3411d8442c64,a9e45b9c63e4cb81dbe5226b619efd129ff8d189bb92247bf7163a7f6c64a0e6
6,pilot,html-tables,tables-main,exploratory-pilot,,,main-content-repeat-2,200,1,True,True,,False,55257fe0b222a313575b01920b08db8f52b56cdf70296c8256fd3411d8442c64,a9e45b9c63e4cb81dbe5226b619efd129ff8d189bb92247bf7163a7f6c64a0e6
7,pilot,html-tables,tables-whole,exploratory-pilot,,,whole-content-repeat-1,200,1,True,True,,False,55257fe0b222a313575b01920b08db8f52b56cdf70296c8256fd3411d8442c64,a9e45b9c63e4cb81dbe5226b619efd129ff8d189bb92247bf7163a7f6c64a0e6
8,pilot,html-tables,tables-whole,exploratory-pilot,,,whole-content-repeat-2,200,1,True,True,,False,55257fe0b222a313575b01920b08db8f52b56cdf70296c8256fd3411d8442c64,a9e45b9c63e4cb81dbe5226b619efd129ff8d189bb92247bf7163a7f6c64a0e6
9,pilot,markdown-article,article-whole,exploratory-pilot,,,whole-content-repeat-1,200,1,True,,,,b6ada77c7d683a6fd2e3be83ac8fe1f31342787453429d2da6f6ca1f566553fe,a19141c70808af8f87ad5a8343008a58ea857c64bbe66accaca10bd45095627d
10,pilot,markdown-article,article-whole,exploratory-pilot,,,whole-content-repeat-2,200,1,True,,,,b6ada77c7d683a6fd2e3be83ac8fe1f31342787453429d2da6f6ca1f566553fe,a19141c70808af8f87ad5a8343008a58ea857c64bbe66accaca10bd45095627d
11,pilot,dynamic-domcontentloaded,immediate-js-wait-0,exploratory-pilot,,,wait-0,200,1,True,,,,04b1ae949ee327b84de3c0ca13f5567b22ad05230088052aa7223976f3c2cdcc,5019c5eb789bf2e52d208c930e1e5f7c78467ae927350e90aa9744535596f991
12,pilot,dynamic-domcontentloaded,immediate-js-wait-2500,exploratory-pilot,,,wait-2500,200,1,True,,,,04b1ae949ee327b84de3c0ca13f5567b22ad05230088052aa7223976f3c2cdcc,5019c5eb789bf2e52d208c930e1e5f7c78467ae927350e90aa9744535596f991
13,pilot,complete-catalog,complete-catalog,exploratory-pilot,,,fresh-store-cache,200,1,True,,True,,47f3eaca14127cf37f8b2feb214466cf0a143f01d57644cd5cfa744fd9512f57,719598c354cbf7ca4cf1d2192e67c41acce4a6ef679eef3f80eb93d85e710242
14,pilot,complete-catalog,complete-catalog-cache-allowed,exploratory-pilot,,,cache-allowed-one-hour,200,1,True,,True,,47f3eaca14127cf37f8b2feb214466cf0a143f01d57644cd5cfa744fd9512f57,719598c354cbf7ca4cf1d2192e67c41acce4a6ef679eef3f80eb93d85e710242
15,pilot,missing-price,missing-price,exploratory-pilot,,,fresh-repeat,200,1,True,,False,,c69d9f93456b9366b1819effdade477f241f04e8272236d6b274287bc5752116,88f54ebafb0554aa51fb954e814bcf675cda53fc7d3d11eb9e3b859bbbe754bd
16,pilot,dynamic-delayed,delayed-js-wait-omitted,exploratory-pilot,,,default-wait,200,1,False,,,,27654f0c12a0da1a19d29e721c40d8cdd257ffce2ced0a3dca1174a602c209eb,65467a0eb53bdb9fe11901facfdcd8c484d2b4fb2f4c8e9ab81a480bae109b43
17,pilot,dynamic-delayed,delayed-js-wait-omitted,exploratory-pilot,,,default-wait,200,1,False,,,,27654f0c12a0da1a19d29e721c40d8cdd257ffce2ced0a3dca1174a602c209eb,65467a0eb53bdb9fe11901facfdcd8c484d2b4fb2f4c8e9ab81a480bae109b43
18,pilot,dynamic-delayed,delayed-js-wait-2500,exploratory-pilot,,,wait-2500,200,1,True,,,,19a053c2c815e910164261071614328d607cceb4c990bdab9d5c71a63f170206,3f714232695f1815cb5218798ceea6078231d08a6128df2e66f2deb9099b4015
19,pilot,dynamic-delayed,delayed-js-wait-omitted,exploratory-pilot,,,default-wait,200,1,False,,,,27654f0c12a0da1a19d29e721c40d8cdd257ffce2ced0a3dca1174a602c209eb,65467a0eb53bdb9fe11901facfdcd8c484d2b4fb2f4c8e9ab81a480bae109b43
20,pilot,dynamic-delayed,delayed-js-wait-2500,exploratory-pilot,,,wait-2500,200,1,True,,,,19a053c2c815e910164261071614328d607cceb4c990bdab9d5c71a63f170206,3f714232695f1815cb5218798ceea6078231d08a6128df2e66f2deb9099b4015
21,pilot,dynamic-delayed,delayed-js-wait-omitted,exploratory-pilot,,,default-wait,200,1,False,,,,27654f0c12a0da1a19d29e721c40d8cdd257ffce2ced0a3dca1174a602c209eb,65467a0eb53bdb9fe11901facfdcd8c484d2b4fb2f4c8e9ab81a480bae109b43
22,pilot,dynamic-delayed,delayed-js-wait-2500,exploratory-pilot,,,wait-2500,200,1,True,,,,19a053c2c815e910164261071614328d607cceb4c990bdab9d5c71a63f170206,3f714232695f1815cb5218798ceea6078231d08a6128df2e66f2deb9099b4015
23,pilot,missing-http-404,missing-http-404,exploratory-pilot,,,fresh-repeat-1,404,1,True,,,,e95587ffbb4db2548b1964ad3faa36271da3616b5b1581f96e292a07f6cc8c5e,1715e84d7b4a80da769925fac608b587c70abe39ddf5e227549e58b6b8748a49
24,pilot,missing-http-404,missing-http-404,exploratory-pilot,,,fresh-repeat-2,404,1,True,,,,e95587ffbb4db2548b1964ad3faa36271da3616b5b1581f96e292a07f6cc8c5e,1715e84d7b4a80da769925fac608b587c70abe39ddf5e227549e58b6b8748a49
25,expansion,complete-catalog,complete-catalog,independent,3,,independent,200,1,True,,True,,47f3eaca14127cf37f8b2feb214466cf0a143f01d57644cd5cfa744fd9512f57,719598c354cbf7ca4cf1d2192e67c41acce4a6ef679eef3f80eb93d85e710242
26,expansion,dynamic-delayed,delayed-same-pair,delayed-same-pair,4,1,first-attempt,200,1,False,,,,27654f0c12a0da1a19d29e721c40d8cdd257ffce2ced0a3dca1174a602c209eb,65467a0eb53bdb9fe11901facfdcd8c484d2b4fb2f4c8e9ab81a480bae109b43
27,expansion,dynamic-delayed,delayed-same-pair,delayed-same-pair,4,2,conditional-retry-or-paired-repeat,200,1,False,,,,27654f0c12a0da1a19d29e721c40d8cdd257ffce2ced0a3dca1174a602c209eb,65467a0eb53bdb9fe11901facfdcd8c484d2b4fb2f4c8e9ab81a480bae109b43
28,expansion,dynamic-delayed,delayed-same-pair,delayed-same-pair,5,1,first-attempt,200,1,False,,,,27654f0c12a0da1a19d29e721c40d8cdd257ffce2ced0a3dca1174a602c209eb,65467a0eb53bdb9fe11901facfdcd8c484d2b4fb2f4c8e9ab81a480bae109b43
29,expansion,dynamic-delayed,delayed-same-pair,delayed-same-pair,5,2,conditional-retry-or-paired-repeat,200,1,False,,,,27654f0c12a0da1a19d29e721c40d8cdd257ffce2ced0a3dca1174a602c209eb,65467a0eb53bdb9fe11901facfdcd8c484d2b4fb2f4c8e9ab81a480bae109b43
30,expansion,dynamic-delayed,delayed-same-pair,delayed-same-pair,8,1,first-attempt,200,1,False,,,,27654f0c12a0da1a19d29e721c40d8cdd257ffce2ced0a3dca1174a602c209eb,65467a0eb53bdb9fe11901facfdcd8c484d2b4fb2f4c8e9ab81a480bae109b43
31,expansion,dynamic-delayed,delayed-same-pair,delayed-same-pair,8,2,conditional-retry-or-paired-repeat,200,1,False,,,,27654f0c12a0da1a19d29e721c40d8cdd257ffce2ced0a3dca1174a602c209eb,65467a0eb53bdb9fe11901facfdcd8c484d2b4fb2f4c8e9ab81a480bae109b43
32,expansion,complete-catalog,complete-catalog,independent,13,,independent,200,1,True,,True,,47f3eaca14127cf37f8b2feb214466cf0a143f01d57644cd5cfa744fd9512f57,719598c354cbf7ca4cf1d2192e67c41acce4a6ef679eef3f80eb93d85e710242
33,expansion,dynamic-domcontentloaded,immediate-js,independent,1,,independent,200,1,True,,,,04b1ae949ee327b84de3c0ca13f5567b22ad05230088052aa7223976f3c2cdcc,5019c5eb789bf2e52d208c930e1e5f7c78467ae927350e90aa9744535596f991
34,expansion,html-tables,tables-whole,independent,4,,independent,200,1,True,True,,False,55257fe0b222a313575b01920b08db8f52b56cdf70296c8256fd3411d8442c64,a9e45b9c63e4cb81dbe5226b619efd129ff8d189bb92247bf7163a7f6c64a0e6
35,expansion,missing-price,missing-price,independent,8,,independent,200,1,True,,False,,c69d9f93456b9366b1819effdade477f241f04e8272236d6b274287bc5752116,88f54ebafb0554aa51fb954e814bcf675cda53fc7d3d11eb9e3b859bbbe754bd
36,expansion,html-tables,tables-main,independent,7,,independent,200,1,True,True,,False,55257fe0b222a313575b01920b08db8f52b56cdf70296c8256fd3411d8442c64,a9e45b9c63e4cb81dbe5226b619efd129ff8d189bb92247bf7163a7f6c64a0e6
37,expansion,html-tables,tables-whole,independent,10,,independent,200,1,True,True,,False,55257fe0b222a313575b01920b08db8f52b56cdf70296c8256fd3411d8442c64,a9e45b9c63e4cb81dbe5226b619efd129ff8d189bb92247bf7163a7f6c64a0e6
38,expansion,markdown-article,article-main,independent,14,,independent,200,1,True,,,,97d3694479167f6af2c972e9b81bc1ff25d5f62afe466eb442c21bcb32dfc1b0,6176e5df5d46bbf329ad64349f2696a2efededa18487b5618ac106c9f1b35394
39,expansion,missing-price,missing-price,independent,10,,independent,200,1,True,,False,,c69d9f93456b9366b1819effdade477f241f04e8272236d6b274287bc5752116,88f54ebafb0554aa51fb954e814bcf675cda53fc7d3d11eb9e3b859bbbe754bd
40,expansion,missing-http-404,404-diagnostic-pair,404-diagnostic-pair,8,1,first-attempt,404,1,True,,,,e95587ffbb4db2548b1964ad3faa36271da3616b5b1581f96e292a07f6cc8c5e,1715e84d7b4a80da769925fac608b587c70abe39ddf5e227549e58b6b8748a49
41,expansion,missing-http-404,404-diagnostic-pair,404-diagnostic-pair,8,2,diagnostic-repeat-permanent-404,404,1,True,,,,e95587ffbb4db2548b1964ad3faa36271da3616b5b1581f96e292a07f6cc8c5e,1715e84d7b4a80da769925fac608b587c70abe39ddf5e227549e58b6b8748a49
42,expansion,html-tables,tables-whole,independent,6,,independent,200,1,True,True,,False,55257fe0b222a313575b01920b08db8f52b56cdf70296c8256fd3411d8442c64,a9e45b9c63e4cb81dbe5226b619efd129ff8d189bb92247bf7163a7f6c64a0e6
43,expansion,markdown-article,article-whole,independent,14,,independent,200,1,True,,,,b6ada77c7d683a6fd2e3be83ac8fe1f31342787453429d2da6f6ca1f566553fe,a19141c70808af8f87ad5a8343008a58ea857c64bbe66accaca10bd45095627d
44,expansion,markdown-article,article-whole,independent,3,,independent,200,1,True,,,,b6ada77c7d683a6fd2e3be83ac8fe1f31342787453429d2da6f6ca1f566553fe,a19141c70808af8f87ad5a8343008a58ea857c64bbe66accaca10bd45095627d
45,expansion,html-tables,tables-whole,independent,12,,independent,200,1,True,True,,False,55257fe0b222a313575b01920b08db8f52b56cdf70296c8256fd3411d8442c64,a9e45b9c63e4cb81dbe5226b619efd129ff8d189bb92247bf7163a7f6c64a0e6
46,expansion,missing-http-404,404-diagnostic-pair,404-diagnostic-pair,6,1,first-attempt,404,1,True,,,,e95587ffbb4db2548b1964ad3faa36271da3616b5b1581f96e292a07f6cc8c5e,1715e84d7b4a80da769925fac608b587c70abe39ddf5e227549e58b6b8748a49
47,expansion,missing-http-404,404-diagnostic-pair,404-diagnostic-pair,6,2,diagnostic-repeat-permanent-404,404,1,True,,,,e95587ffbb4db2548b1964ad3faa36271da3616b5b1581f96e292a07f6cc8c5e,1715e84d7b4a80da769925fac608b587c70abe39ddf5e227549e58b6b8748a49
48,expansion,html-tables,tables-main,independent,3,,independent,200,1,True,True,,False,55257fe0b222a313575b01920b08db8f52b56cdf70296c8256fd3411d8442c64,a9e45b9c63e4cb81dbe5226b619efd129ff8d189bb92247bf7163a7f6c64a0e6
49,expansion,missing-price,missing-price,independent,14,,independent,200,1,True,,False,,c69d9f93456b9366b1819effdade477f241f04e8272236d6b274287bc5752116,88f54ebafb0554aa51fb954e814bcf675cda53fc7d3d11eb9e3b859bbbe754bd
50,expansion,html-tables,tables-main,independent,14,,independent,200,1,True,True,,False,55257fe0b222a313575b01920b08db8f52b56cdf70296c8256fd3411d8442c64,a9e45b9c63e4cb81dbe5226b619efd129ff8d189bb92247bf7163a7f6c64a0e6
51,expansion,dynamic-domcontentloaded,immediate-js,independent,12,,independent,200,1,True,,,,04b1ae949ee327b84de3c0ca13f5567b22ad05230088052aa7223976f3c2cdcc,5019c5eb789bf2e52d208c930e1e5f7c78467ae927350e90aa9744535596f991
52,expansion,html-tables,tables-whole,independent,13,,independent,200,1,True,True,,False,55257fe0b222a313575b01920b08db8f52b56cdf70296c8256fd3411d8442c64,a9e45b9c63e4cb81dbe5226b619efd129ff8d189bb92247bf7163a7f6c64a0e6
53,expansion,dynamic-domcontentloaded,immediate-js,independent,2,,independent,200,1,True,,,,04b1ae949ee327b84de3c0ca13f5567b22ad05230088052aa7223976f3c2cdcc,5019c5eb789bf2e52d208c930e1e5f7c78467ae927350e90aa9744535596f991
54,expansion,markdown-article,article-main,independent,13,,independent,200,1,True,,,,97d3694479167f6af2c972e9b81bc1ff25d5f62afe466eb442c21bcb32dfc1b0,6176e5df5d46bbf329ad64349f2696a2efededa18487b5618ac106c9f1b35394
55,expansion,html-tables,tables-whole,independent,8,,independent,200,1,True,True,,False,55257fe0b222a313575b01920b08db8f52b56cdf70296c8256fd3411d8442c64,a9e45b9c63e4cb81dbe5226b619efd129ff8d189bb92247bf7163a7f6c64a0e6
56,expansion,dynamic-delayed,delayed-corrective-pair,delayed-corrective-pair,3,1,first-attempt,200,1,False,,,,27654f0c12a0da1a19d29e721c40d8cdd257ffce2ced0a3dca1174a602c209eb,65467a0eb53bdb9fe11901facfdcd8c484d2b4fb2f4c8e9ab81a480bae109b43
57,expansion,dynamic-delayed,delayed-corrective-pair,delayed-corrective-pair,3,2,conditional-retry-or-paired-repeat,200,1,True,,,,19a053c2c815e910164261071614328d607cceb4c990bdab9d5c71a63f170206,3f714232695f1815cb5218798ceea6078231d08a6128df2e66f2deb9099b4015
58,expansion,complete-catalog,complete-catalog,independent,7,,independent,200,1,True,,True,,47f3eaca14127cf37f8b2feb214466cf0a143f01d57644cd5cfa744fd9512f57,719598c354cbf7ca4cf1d2192e67c41acce4a6ef679eef3f80eb93d85e710242
59,expansion,dynamic-domcontentloaded,immediate-js,independent,7,,independent,200,1,True,,,,04b1ae949ee327b84de3c0ca13f5567b22ad05230088052aa7223976f3c2cdcc,5019c5eb789bf2e52d208c930e1e5f7c78467ae927350e90aa9744535596f991
60,expansion,html-tables,tables-main,independent,11,,independent,200,1,True,True,,False,55257fe0b222a313575b01920b08db8f52b56cdf70296c8256fd3411d8442c64,a9e45b9c63e4cb81dbe5226b619efd129ff8d189bb92247bf7163a7f6c64a0e6
61,expansion,complete-catalog,complete-catalog,independent,6,,independent,200,1,True,,True,,47f3eaca14127cf37f8b2feb214466cf0a143f01d57644cd5cfa744fd9512f57,719598c354cbf7ca4cf1d2192e67c41acce4a6ef679eef3f80eb93d85e710242
62,expansion,html-tables,tables-main,independent,10,,independent,200,1,True,True,,False,55257fe0b222a313575b01920b08db8f52b56cdf70296c8256fd3411d8442c64,a9e45b9c63e4cb81dbe5226b619efd129ff8d189bb92247bf7163a7f6c64a0e6
63,expansion,html-tables,tables-main,independent,5,,independent,200,1,True,True,,False,55257fe0b222a313575b01920b08db8f52b56cdf70296c8256fd3411d8442c64,a9e45b9c63e4cb81dbe5226b619efd129ff8d189bb92247bf7163a7f6c64a0e6
64,expansion,dynamic-delayed,delayed-js-wait-2500,independent,7,,independent,200,1,True,,,,19a053c2c815e910164261071614328d607cceb4c990bdab9d5c71a63f170206,3f714232695f1815cb5218798ceea6078231d08a6128df2e66f2deb9099b4015
65,expansion,missing-price,missing-price,independent,7,,independent,200,1,True,,False,,c69d9f93456b9366b1819effdade477f241f04e8272236d6b274287bc5752116,88f54ebafb0554aa51fb954e814bcf675cda53fc7d3d11eb9e3b859bbbe754bd
66,expansion,markdown-article,article-whole,independent,4,,independent,200,1,True,,,,b6ada77c7d683a6fd2e3be83ac8fe1f31342787453429d2da6f6ca1f566553fe,a19141c70808af8f87ad5a8343008a58ea857c64bbe66accaca10bd45095627d
67,expansion,dynamic-delayed,delayed-corrective-pair,delayed-corrective-pair,1,1,first-attempt,200,1,False,,,,27654f0c12a0da1a19d29e721c40d8cdd257ffce2ced0a3dca1174a602c209eb,65467a0eb53bdb9fe11901facfdcd8c484d2b4fb2f4c8e9ab81a480bae109b43
68,expansion,dynamic-delayed,delayed-corrective-pair,delayed-corrective-pair,1,2,conditional-retry-or-paired-repeat,200,1,True,,,,19a053c2c815e910164261071614328d607cceb4c990bdab9d5c71a63f170206,3f714232695f1815cb5218798ceea6078231d08a6128df2e66f2deb9099b4015
69,expansion,markdown-article,article-whole,independent,7,,independent,200,1,True,,,,b6ada77c7d683a6fd2e3be83ac8fe1f31342787453429d2da6f6ca1f566553fe,a19141c70808af8f87ad5a8343008a58ea857c64bbe66accaca10bd45095627d
70,expansion,dynamic-delayed,delayed-js-wait-2500,independent,8,,independent,200,1,True,,,,19a053c2c815e910164261071614328d607cceb4c990bdab9d5c71a63f170206,3f714232695f1815cb5218798ceea6078231d08a6128df2e66f2deb9099b4015
71,expansion,complete-catalog,complete-catalog,independent,1,,independent,200,1,True,,True,,47f3eaca14127cf37f8b2feb214466cf0a143f01d57644cd5cfa744fd9512f57,719598c354cbf7ca4cf1d2192e67c41acce4a6ef679eef3f80eb93d85e710242
72,expansion,dynamic-domcontentloaded,immediate-js,independent,5,,independent,200,1,True,,,,04b1ae949ee327b84de3c0ca13f5567b22ad05230088052aa7223976f3c2cdcc,5019c5eb789bf2e52d208c930e1e5f7c78467ae927350e90aa9744535596f991
73,expansion,complete-catalog,fresh-cache-pair,fresh-cache-pair,4,1,fresh-cache-primer,200,1,True,,True,,47f3eaca14127cf37f8b2feb214466cf0a143f01d57644cd5cfa744fd9512f57,719598c354cbf7ca4cf1d2192e67c41acce4a6ef679eef3f80eb93d85e710242
74,expansion,complete-catalog,fresh-cache-pair,fresh-cache-pair,4,2,cache-allowed-repeat,200,1,True,,True,,47f3eaca14127cf37f8b2feb214466cf0a143f01d57644cd5cfa744fd9512f57,719598c354cbf7ca4cf1d2192e67c41acce4a6ef679eef3f80eb93d85e710242
75,expansion,missing-price,missing-price,independent,9,,independent,200,1,True,,False,,c69d9f93456b9366b1819effdade477f241f04e8272236d6b274287bc5752116,88f54ebafb0554aa51fb954e814bcf675cda53fc7d3d11eb9e3b859bbbe754bd
76,expansion,markdown-article,article-whole,independent,2,,independent,200,1,True,,,,b6ada77c7d683a6fd2e3be83ac8fe1f31342787453429d2da6f6ca1f566553fe,a19141c70808af8f87ad5a8343008a58ea857c64bbe66accaca10bd45095627d
77,expansion,missing-price,missing-price,independent,6,,independent,200,1,True,,False,,c69d9f93456b9366b1819effdade477f241f04e8272236d6b274287bc5752116,88f54ebafb0554aa51fb954e814bcf675cda53fc7d3d11eb9e3b859bbbe754bd
78,expansion,html-tables,tables-main,independent,12,,independent,200,1,True,True,,False,55257fe0b222a313575b01920b08db8f52b56cdf70296c8256fd3411d8442c64,a9e45b9c63e4cb81dbe5226b619efd129ff8d189bb92247bf7163a7f6c64a0e6
79,expansion,dynamic-delayed,delayed-corrective-pair,delayed-corrective-pair,8,1,first-attempt,200,1,False,,,,27654f0c12a0da1a19d29e721c40d8cdd257ffce2ced0a3dca1174a602c209eb,65467a0eb53bdb9fe11901facfdcd8c484d2b4fb2f4c8e9ab81a480bae109b43
80,expansion,dynamic-delayed,delayed-corrective-pair,delayed-corrective-pair,8,2,conditional-retry-or-paired-repeat,200,1,True,,,,19a053c2c815e910164261071614328d607cceb4c990bdab9d5c71a63f170206,3f714232695f1815cb5218798ceea6078231d08a6128df2e66f2deb9099b4015
81,expansion,dynamic-domcontentloaded,immediate-js,independent,13,,independent,200,1,True,,,,04b1ae949ee327b84de3c0ca13f5567b22ad05230088052aa7223976f3c2cdcc,5019c5eb789bf2e52d208c930e1e5f7c78467ae927350e90aa9744535596f991
82,expansion,complete-catalog,complete-catalog,independent,5,,independent,200,1,True,,True,,47f3eaca14127cf37f8b2feb214466cf0a143f01d57644cd5cfa744fd9512f57,719598c354cbf7ca4cf1d2192e67c41acce4a6ef679eef3f80eb93d85e710242
83,expansion,dynamic-delayed,delayed-corrective-pair,delayed-corrective-pair,6,1,first-attempt,200,1,False,,,,27654f0c12a0da1a19d29e721c40d8cdd257ffce2ced0a3dca1174a602c209eb,65467a0eb53bdb9fe11901facfdcd8c484d2b4fb2f4c8e9ab81a480bae109b43
84,expansion,dynamic-delayed,delayed-corrective-pair,delayed-corrective-pair,6,2,conditional-retry-or-paired-repeat,200,1,True,,,,19a053c2c815e910164261071614328d607cceb4c990bdab9d5c71a63f170206,3f714232695f1815cb5218798ceea6078231d08a6128df2e66f2deb9099b4015
85,expansion,markdown-article,article-main,independent,9,,independent,200,1,True,,,,97d3694479167f6af2c972e9b81bc1ff25d5f62afe466eb442c21bcb32dfc1b0,6176e5df5d46bbf329ad64349f2696a2efededa18487b5618ac106c9f1b35394
86,expansion,markdown-article,article-whole,independent,1,,independent,200,1,True,,,,b6ada77c7d683a6fd2e3be83ac8fe1f31342787453429d2da6f6ca1f566553fe,a19141c70808af8f87ad5a8343008a58ea857c64bbe66accaca10bd45095627d
87,expansion,markdown-article,article-whole,independent,11,,independent,200,1,True,,,,b6ada77c7d683a6fd2e3be83ac8fe1f31342787453429d2da6f6ca1f566553fe,a19141c70808af8f87ad5a8343008a58ea857c64bbe66accaca10bd45095627d
88,expansion,missing-price,missing-price,independent,5,,independent,200,1,True,,False,,c69d9f93456b9366b1819effdade477f241f04e8272236d6b274287bc5752116,88f54ebafb0554aa51fb954e814bcf675cda53fc7d3d11eb9e3b859bbbe754bd
89,expansion,markdown-article,article-main,independent,3,,independent,200,1,True,,,,97d3694479167f6af2c972e9b81bc1ff25d5f62afe466eb442c21bcb32dfc1b0,6176e5df5d46bbf329ad64349f2696a2efededa18487b5618ac106c9f1b35394
90,expansion,markdown-article,article-main,independent,7,,independent,200,1,True,,,,97d3694479167f6af2c972e9b81bc1ff25d5f62afe466eb442c21bcb32dfc1b0,6176e5df5d46bbf329ad64349f2696a2efededa18487b5618ac106c9f1b35394
91,expansion,dynamic-domcontentloaded,immediate-js,independent,14,,independent,200,1,True,,,,04b1ae949ee327b84de3c0ca13f5567b22ad05230088052aa7223976f3c2cdcc,5019c5eb789bf2e52d208c930e1e5f7c78467ae927350e90aa9744535596f991
92,expansion,markdown-article,article-whole,independent,13,,independent,200,1,True,,,,b6ada77c7d683a6fd2e3be83ac8fe1f31342787453429d2da6f6ca1f566553fe,a19141c70808af8f87ad5a8343008a58ea857c64bbe66accaca10bd45095627d
93,expansion,dynamic-delayed,delayed-same-pair,delayed-same-pair,6,1,first-attempt,200,1,False,,,,27654f0c12a0da1a19d29e721c40d8cdd257ffce2ced0a3dca1174a602c209eb,65467a0eb53bdb9fe11901facfdcd8c484d2b4fb2f4c8e9ab81a480bae109b43
94,expansion,dynamic-delayed,delayed-same-pair,delayed-same-pair,6,2,conditional-retry-or-paired-repeat,200,1,False,,,,27654f0c12a0da1a19d29e721c40d8cdd257ffce2ced0a3dca1174a602c209eb,65467a0eb53bdb9fe11901facfdcd8c484d2b4fb2f4c8e9ab81a480bae109b43
95,expansion,missing-price,missing-price,independent,11,,independent,200,1,True,,False,,c69d9f93456b9366b1819effdade477f241f04e8272236d6b274287bc5752116,88f54ebafb0554aa51fb954e814bcf675cda53fc7d3d11eb9e3b859bbbe754bd
96,expansion,markdown-article,article-main,independent,2,,independent,200,1,True,,,,97d3694479167f6af2c972e9b81bc1ff25d5f62afe466eb442c21bcb32dfc1b0,6176e5df5d46bbf329ad64349f2696a2efededa18487b5618ac106c9f1b35394
97,expansion,markdown-article,article-main,independent,12,,independent,200,1,True,,,,97d3694479167f6af2c972e9b81bc1ff25d5f62afe466eb442c21bcb32dfc1b0,6176e5df5d46bbf329ad64349f2696a2efededa18487b5618ac106c9f1b35394
98,expansion,dynamic-delayed,delayed-corrective-pair,delayed-corrective-pair,7,1,first-attempt,200,1,False,,,,27654f0c12a0da1a19d29e721c40d8cdd257ffce2ced0a3dca1174a602c209eb,65467a0eb53bdb9fe11901facfdcd8c484d2b4fb2f4c8e9ab81a480bae109b43
99,expansion,dynamic-delayed,delayed-corrective-pair,delayed-corrective-pair,7,2,conditional-retry-or-paired-repeat,200,1,True,,,,19a053c2c815e910164261071614328d607cceb4c990bdab9d5c71a63f170206,3f714232695f1815cb5218798ceea6078231d08a6128df2e66f2deb9099b4015
100,expansion,markdown-article,article-main,independent,4,,independent,200,1,True,,,,97d3694479167f6af2c972e9b81bc1ff25d5f62afe466eb442c21bcb32dfc1b0,6176e5df5d46bbf329ad64349f2696a2efededa18487b5618ac106c9f1b35394
101,expansion,complete-catalog,fresh-cache-pair,fresh-cache-pair,1,1,fresh-cache-primer,200,1,True,,True,,47f3eaca14127cf37f8b2feb214466cf0a143f01d57644cd5cfa744fd9512f57,719598c354cbf7ca4cf1d2192e67c41acce4a6ef679eef3f80eb93d85e710242
102,expansion,complete-catalog,fresh-cache-pair,fresh-cache-pair,1,2,cache-allowed-repeat,200,1,True,,True,,47f3eaca14127cf37f8b2feb214466cf0a143f01d57644cd5cfa744fd9512f57,719598c354cbf7ca4cf1d2192e67c41acce4a6ef679eef3f80eb93d85e710242
103,expansion,markdown-article,article-main,independent,5,,independent,200,1,True,,,,97d3694479167f6af2c972e9b81bc1ff25d5f62afe466eb442c21bcb32dfc1b0,6176e5df5d46bbf329ad64349f2696a2efededa18487b5618ac106c9f1b35394
104,expansion,dynamic-delayed,delayed-same-pair,delayed-same-pair,2,1,first-attempt,200,1,False,,,,27654f0c12a0da1a19d29e721c40d8cdd257ffce2ced0a3dca1174a602c209eb,65467a0eb53bdb9fe11901facfdcd8c484d2b4fb2f4c8e9ab81a480bae109b43
105,expansion,dynamic-delayed,delayed-same-pair,delayed-same-pair,2,2,conditional-retry-or-paired-repeat,200,1,False,,,,27654f0c12a0da1a19d29e721c40d8cdd257ffce2ced0a3dca1174a602c209eb,65467a0eb53bdb9fe11901facfdcd8c484d2b4fb2f4c8e9ab81a480bae109b43
106,expansion,html-tables,tables-whole,independent,14,,independent,200,1,True,True,,False,55257fe0b222a313575b01920b08db8f52b56cdf70296c8256fd3411d8442c64,a9e45b9c63e4cb81dbe5226b619efd129ff8d189bb92247bf7163a7f6c64a0e6
107,expansion,missing-price,missing-price,independent,12,,independent,200,1,True,,False,,c69d9f93456b9366b1819effdade477f241f04e8272236d6b274287bc5752116,88f54ebafb0554aa51fb954e814bcf675cda53fc7d3d11eb9e3b859bbbe754bd
108,expansion,dynamic-delayed,delayed-corrective-pair,delayed-corrective-pair,5,1,first-attempt,200,1,False,,,,27654f0c12a0da1a19d29e721c40d8cdd257ffce2ced0a3dca1174a602c209eb,65467a0eb53bdb9fe11901facfdcd8c484d2b4fb2f4c8e9ab81a480bae109b43
109,expansion,dynamic-delayed,delayed-corrective-pair,delayed-corrective-pair,5,2,conditional-retry-or-paired-repeat,200,1,True,,,,19a053c2c815e910164261071614328d607cceb4c990bdab9d5c71a63f170206,3f714232695f1815cb5218798ceea6078231d08a6128df2e66f2deb9099b4015
110,expansion,markdown-article,article-whole,independent,8,,independent,200,1,True,,,,b6ada77c7d683a6fd2e3be83ac8fe1f31342787453429d2da6f6ca1f566553fe,a19141c70808af8f87ad5a8343008a58ea857c64bbe66accaca10bd45095627d
111,expansion,markdown-article,article-main,independent,11,,independent,200,1,True,,,,97d3694479167f6af2c972e9b81bc1ff25d5f62afe466eb442c21bcb32dfc1b0,6176e5df5d46bbf329ad64349f2696a2efededa18487b5618ac106c9f1b35394
112,expansion,html-tables,tables-whole,independent,1,,independent,200,1,True,True,,False,55257fe0b222a313575b01920b08db8f52b56cdf70296c8256fd3411d8442c64,a9e45b9c63e4cb81dbe5226b619efd129ff8d189bb92247bf7163a7f6c64a0e6
113,expansion,dynamic-delayed,delayed-same-pair,delayed-same-pair,3,1,first-attempt,200,1,False,,,,27654f0c12a0da1a19d29e721c40d8cdd257ffce2ced0a3dca1174a602c209eb,65467a0eb53bdb9fe11901facfdcd8c484d2b4fb2f4c8e9ab81a480bae109b43
114,expansion,dynamic-delayed,delayed-same-pair,delayed-same-pair,3,2,conditional-retry-or-paired-repeat,200,1,False,,,,27654f0c12a0da1a19d29e721c40d8cdd257ffce2ced0a3dca1174a602c209eb,65467a0eb53bdb9fe11901facfdcd8c484d2b4fb2f4c8e9ab81a480bae109b43
115,expansion,markdown-article,article-main,independent,6,,independent,200,1,True,,,,97d3694479167f6af2c972e9b81bc1ff25d5f62afe466eb442c21bcb32dfc1b0,6176e5df5d46bbf329ad64349f2696a2efededa18487b5618ac106c9f1b35394
116,expansion,dynamic-delayed,delayed-js-wait-2500,independent,1,,independent,200,1,True,,,,19a053c2c815e910164261071614328d607cceb4c990bdab9d5c71a63f170206,3f714232695f1815cb5218798ceea6078231d08a6128df2e66f2deb9099b4015
117,expansion,markdown-article,article-main,independent,8,,independent,200,1,True,,,,97d3694479167f6af2c972e9b81bc1ff25d5f62afe466eb442c21bcb32dfc1b0,6176e5df5d46bbf329ad64349f2696a2efededa18487b5618ac106c9f1b35394
118,expansion,html-tables,tables-main,independent,4,,independent,200,1,True,True,,False,55257fe0b222a313575b01920b08db8f52b56cdf70296c8256fd3411d8442c64,a9e45b9c63e4cb81dbe5226b619efd129ff8d189bb92247bf7163a7f6c64a0e6
119,expansion,complete-catalog,complete-catalog,independent,10,,independent,200,1,True,,True,,47f3eaca14127cf37f8b2feb214466cf0a143f01d57644cd5cfa744fd9512f57,719598c354cbf7ca4cf1d2192e67c41acce4a6ef679eef3f80eb93d85e710242
120,expansion,complete-catalog,fresh-cache-pair,fresh-cache-pair,7,1,fresh-cache-primer,200,1,True,,True,,47f3eaca14127cf37f8b2feb214466cf0a143f01d57644cd5cfa744fd9512f57,719598c354cbf7ca4cf1d2192e67c41acce4a6ef679eef3f80eb93d85e710242
121,expansion,complete-catalog,fresh-cache-pair,fresh-cache-pair,7,2,cache-allowed-repeat,200,1,True,,True,,47f3eaca14127cf37f8b2feb214466cf0a143f01d57644cd5cfa744fd9512f57,719598c354cbf7ca4cf1d2192e67c41acce4a6ef679eef3f80eb93d85e710242
122,expansion,dynamic-delayed,delayed-js-wait-2500,independent,2,,independent,200,1,True,,,,19a053c2c815e910164261071614328d607cceb4c990bdab9d5c71a63f170206,3f714232695f1815cb5218798ceea6078231d08a6128df2e66f2deb9099b4015
123,expansion,complete-catalog,fresh-cache-pair,fresh-cache-pair,2,1,fresh-cache-primer,200,1,True,,True,,47f3eaca14127cf37f8b2feb214466cf0a143f01d57644cd5cfa744fd9512f57,719598c354cbf7ca4cf1d2192e67c41acce4a6ef679eef3f80eb93d85e710242
124,expansion,complete-catalog,fresh-cache-pair,fresh-cache-pair,2,2,cache-allowed-repeat,200,1,True,,True,,47f3eaca14127cf37f8b2feb214466cf0a143f01d57644cd5cfa744fd9512f57,719598c354cbf7ca4cf1d2192e67c41acce4a6ef679eef3f80eb93d85e710242
125,expansion,dynamic-delayed,delayed-js-wait-2500,independent,14,,independent,200,1,True,,,,19a053c2c815e910164261071614328d607cceb4c990bdab9d5c71a63f170206,3f714232695f1815cb5218798ceea6078231d08a6128df2e66f2deb9099b4015
126,expansion,dynamic-domcontentloaded,immediate-js,independent,4,,independent,200,1,True,,,,04b1ae949ee327b84de3c0ca13f5567b22ad05230088052aa7223976f3c2cdcc,5019c5eb789bf2e52d208c930e1e5f7c78467ae927350e90aa9744535596f991
127,expansion,complete-catalog,fresh-cache-pair,fresh-cache-pair,6,1,fresh-cache-primer,200,1,True,,True,,47f3eaca14127cf37f8b2feb214466cf0a143f01d57644cd5cfa744fd9512f57,719598c354cbf7ca4cf1d2192e67c41acce4a6ef679eef3f80eb93d85e710242
128,expansion,complete-catalog,fresh-cache-pair,fresh-cache-pair,6,2,cache-allowed-repeat,200,1,True,,True,,47f3eaca14127cf37f8b2feb214466cf0a143f01d57644cd5cfa744fd9512f57,719598c354cbf7ca4cf1d2192e67c41acce4a6ef679eef3f80eb93d85e710242
129,expansion,missing-http-404,404-diagnostic-pair,404-diagnostic-pair,5,1,first-attempt,404,1,True,,,,e95587ffbb4db2548b1964ad3faa36271da3616b5b1581f96e292a07f6cc8c5e,1715e84d7b4a80da769925fac608b587c70abe39ddf5e227549e58b6b8748a49
130,expansion,missing-http-404,404-diagnostic-pair,404-diagnostic-pair,5,2,diagnostic-repeat-permanent-404,404,1,True,,,,e95587ffbb4db2548b1964ad3faa36271da3616b5b1581f96e292a07f6cc8c5e,1715e84d7b4a80da769925fac608b587c70abe39ddf5e227549e58b6b8748a49
131,expansion,dynamic-delayed,delayed-js-wait-2500,independent,12,,independent,200,1,True,,,,19a053c2c815e910164261071614328d607cceb4c990bdab9d5c71a63f170206,3f714232695f1815cb5218798ceea6078231d08a6128df2e66f2deb9099b4015
132,expansion,complete-catalog,complete-catalog,independent,11,,independent,200,1,True,,True,,47f3eaca14127cf37f8b2feb214466cf0a143f01d57644cd5cfa744fd9512f57,719598c354cbf7ca4cf1d2192e67c41acce4a6ef679eef3f80eb93d85e710242
133,expansion,html-tables,tables-main,independent,9,,independent,200,1,True,True,,False,55257fe0b222a313575b01920b08db8f52b56cdf70296c8256fd3411d8442c64,a9e45b9c63e4cb81dbe5226b619efd129ff8d189bb92247bf7163a7f6c64a0e6
134,expansion,complete-catalog,complete-catalog,independent,12,,independent,200,1,True,,True,,47f3eaca14127cf37f8b2feb214466cf0a143f01d57644cd5cfa744fd9512f57,719598c354cbf7ca4cf1d2192e67c41acce4a6ef679eef3f80eb93d85e710242
135,expansion,markdown-article,article-main,independent,10,,independent,200,1,True,,,,97d3694479167f6af2c972e9b81bc1ff25d5f62afe466eb442c21bcb32dfc1b0,6176e5df5d46bbf329ad64349f2696a2efededa18487b5618ac106c9f1b35394
136,expansion,dynamic-delayed,delayed-js-wait-2500,independent,4,,independent,200,1,True,,,,19a053c2c815e910164261071614328d607cceb4c990bdab9d5c71a63f170206,3f714232695f1815cb5218798ceea6078231d08a6128df2e66f2deb9099b4015
137,expansion,markdown-article,article-whole,independent,10,,independent,200,1,True,,,,b6ada77c7d683a6fd2e3be83ac8fe1f31342787453429d2da6f6ca1f566553fe,a19141c70808af8f87ad5a8343008a58ea857c64bbe66accaca10bd45095627d
138,expansion,html-tables,tables-whole,independent,9,,independent,200,1,True,True,,False,55257fe0b222a313575b01920b08db8f52b56cdf70296c8256fd3411d8442c64,a9e45b9c63e4cb81dbe5226b619efd129ff8d189bb92247bf7163a7f6c64a0e6
139,expansion,dynamic-domcontentloaded,immediate-js,independent,10,,independent,200,1,True,,,,04b1ae949ee327b84de3c0ca13f5567b22ad05230088052aa7223976f3c2cdcc,5019c5eb789bf2e52d208c930e1e5f7c78467ae927350e90aa9744535596f991
140,expansion,dynamic-delayed,delayed-js-wait-2500,independent,10,,independent,200,1,True,,,,19a053c2c815e910164261071614328d607cceb4c990bdab9d5c71a63f170206,3f714232695f1815cb5218798ceea6078231d08a6128df2e66f2deb9099b4015
141,expansion,dynamic-domcontentloaded,immediate-js,independent,8,,independent,200,1,True,,,,04b1ae949ee327b84de3c0ca13f5567b22ad05230088052aa7223976f3c2cdcc,5019c5eb789bf2e52d208c930e1e5f7c78467ae927350e90aa9744535596f991
142,expansion,dynamic-delayed,delayed-js-wait-2500,independent,3,,independent,200,1,True,,,,19a053c2c815e910164261071614328d607cceb4c990bdab9d5c71a63f170206,3f714232695f1815cb5218798ceea6078231d08a6128df2e66f2deb9099b4015
143,expansion,missing-price,missing-price,independent,3,,independent,200,1,True,,False,,c69d9f93456b9366b1819effdade477f241f04e8272236d6b274287bc5752116,88f54ebafb0554aa51fb954e814bcf675cda53fc7d3d11eb9e3b859bbbe754bd
144,expansion,html-tables,tables-whole,independent,3,,independent,200,1,True,True,,False,55257fe0b222a313575b01920b08db8f52b56cdf70296c8256fd3411d8442c64,a9e45b9c63e4cb81dbe5226b619efd129ff8d189bb92247bf7163a7f6c64a0e6
145,expansion,html-tables,tables-whole,independent,7,,independent,200,1,True,True,,False,55257fe0b222a313575b01920b08db8f52b56cdf70296c8256fd3411d8442c64,a9e45b9c63e4cb81dbe5226b619efd129ff8d189bb92247bf7163a7f6c64a0e6
146,expansion,missing-price,missing-price,independent,13,,independent,200,1,True,,False,,c69d9f93456b9366b1819effdade477f241f04e8272236d6b274287bc5752116,88f54ebafb0554aa51fb954e814bcf675cda53fc7d3d11eb9e3b859bbbe754bd
147,expansion,markdown-article,article-whole,independent,6,,independent,200,1,True,,,,b6ada77c7d683a6fd2e3be83ac8fe1f31342787453429d2da6f6ca1f566553fe,a19141c70808af8f87ad5a8343008a58ea857c64bbe66accaca10bd45095627d
148,expansion,missing-http-404,404-diagnostic-pair,404-diagnostic-pair,2,1,first-attempt,404,1,True,,,,e95587ffbb4db2548b1964ad3faa36271da3616b5b1581f96e292a07f6cc8c5e,1715e84d7b4a80da769925fac608b587c70abe39ddf5e227549e58b6b8748a49
149,expansion,missing-http-404,404-diagnostic-pair,404-diagnostic-pair,2,2,diagnostic-repeat-permanent-404,404,1,True,,,,e95587ffbb4db2548b1964ad3faa36271da3616b5b1581f96e292a07f6cc8c5e,1715e84d7b4a80da769925fac608b587c70abe39ddf5e227549e58b6b8748a49
150,expansion,missing-http-404,404-diagnostic-pair,404-diagnostic-pair,3,1,first-attempt,404,1,True,,,,e95587ffbb4db2548b1964ad3faa36271da3616b5b1581f96e292a07f6cc8c5e,1715e84d7b4a80da769925fac608b587c70abe39ddf5e227549e58b6b8748a49
151,expansion,missing-http-404,404-diagnostic-pair,404-diagnostic-pair,3,2,diagnostic-repeat-permanent-404,404,1,True,,,,e95587ffbb4db2548b1964ad3faa36271da3616b5b1581f96e292a07f6cc8c5e,1715e84d7b4a80da769925fac608b587c70abe39ddf5e227549e58b6b8748a49
152,expansion,dynamic-delayed,delayed-js-wait-2500,independent,9,,independent,200,1,True,,,,19a053c2c815e910164261071614328d607cceb4c990bdab9d5c71a63f170206,3f714232695f1815cb5218798ceea6078231d08a6128df2e66f2deb9099b4015
153,expansion,dynamic-delayed,delayed-corrective-pair,delayed-corrective-pair,4,1,first-attempt,200,1,False,,,,27654f0c12a0da1a19d29e721c40d8cdd257ffce2ced0a3dca1174a602c209eb,65467a0eb53bdb9fe11901facfdcd8c484d2b4fb2f4c8e9ab81a480bae109b43
154,expansion,dynamic-delayed,delayed-corrective-pair,delayed-corrective-pair,4,2,conditional-retry-or-paired-repeat,200,1,True,,,,19a053c2c815e910164261071614328d607cceb4c990bdab9d5c71a63f170206,3f714232695f1815cb5218798ceea6078231d08a6128df2e66f2deb9099b4015
155,expansion,html-tables,tables-main,independent,6,,independent,200,1,True,True,,False,55257fe0b222a313575b01920b08db8f52b56cdf70296c8256fd3411d8442c64,a9e45b9c63e4cb81dbe5226b619efd129ff8d189bb92247bf7163a7f6c64a0e6
156,expansion,html-tables,tables-main,independent,1,,independent,200,1,True,True,,False,55257fe0b222a313575b01920b08db8f52b56cdf70296c8256fd3411d8442c64,a9e45b9c63e4cb81dbe5226b619efd129ff8d189bb92247bf7163a7f6c64a0e6
157,expansion,html-tables,tables-whole,independent,5,,independent,200,1,True,True,,False,55257fe0b222a313575b01920b08db8f52b56cdf70296c8256fd3411d8442c64,a9e45b9c63e4cb81dbe5226b619efd129ff8d189bb92247bf7163a7f6c64a0e6
158,expansion,dynamic-delayed,delayed-same-pair,delayed-same-pair,7,1,first-attempt,200,1,False,,,,27654f0c12a0da1a19d29e721c40d8cdd257ffce2ced0a3dca1174a602c209eb,65467a0eb53bdb9fe11901facfdcd8c484d2b4fb2f4c8e9ab81a480bae109b43
159,expansion,dynamic-delayed,delayed-same-pair,delayed-same-pair,7,2,conditional-retry-or-paired-repeat,200,1,False,,,,27654f0c12a0da1a19d29e721c40d8cdd257ffce2ced0a3dca1174a602c209eb,65467a0eb53bdb9fe11901facfdcd8c484d2b4fb2f4c8e9ab81a480bae109b43
160,expansion,missing-http-404,404-diagnostic-pair,404-diagnostic-pair,4,1,first-attempt,404,1,True,,,,e95587ffbb4db2548b1964ad3faa36271da3616b5b1581f96e292a07f6cc8c5e,1715e84d7b4a80da769925fac608b587c70abe39ddf5e227549e58b6b8748a49
161,expansion,missing-http-404,404-diagnostic-pair,404-diagnostic-pair,4,2,diagnostic-repeat-permanent-404,404,1,True,,,,e95587ffbb4db2548b1964ad3faa36271da3616b5b1581f96e292a07f6cc8c5e,1715e84d7b4a80da769925fac608b587c70abe39ddf5e227549e58b6b8748a49
162,expansion,dynamic-delayed,delayed-js-wait-2500,independent,6,,independent,200,1,True,,,,19a053c2c815e910164261071614328d607cceb4c990bdab9d5c71a63f170206,3f714232695f1815cb5218798ceea6078231d08a6128df2e66f2deb9099b4015
163,expansion,missing-http-404,404-diagnostic-pair,404-diagnostic-pair,1,1,first-attempt,404,1,True,,,,e95587ffbb4db2548b1964ad3faa36271da3616b5b1581f96e292a07f6cc8c5e,1715e84d7b4a80da769925fac608b587c70abe39ddf5e227549e58b6b8748a49
164,expansion,missing-http-404,404-diagnostic-pair,404-diagnostic-pair,1,2,diagnostic-repeat-permanent-404,404,1,True,,,,e95587ffbb4db2548b1964ad3faa36271da3616b5b1581f96e292a07f6cc8c5e,1715e84d7b4a80da769925fac608b587c70abe39ddf5e227549e58b6b8748a49
165,expansion,dynamic-delayed,delayed-corrective-pair,delayed-corrective-pair,2,1,first-attempt,200,1,False,,,,27654f0c12a0da1a19d29e721c40d8cdd257ffce2ced0a3dca1174a602c209eb,65467a0eb53bdb9fe11901facfdcd8c484d2b4fb2f4c8e9ab81a480bae109b43
166,expansion,dynamic-delayed,delayed-corrective-pair,delayed-corrective-pair,2,2,conditional-retry-or-paired-repeat,200,1,True,,,,19a053c2c815e910164261071614328d607cceb4c990bdab9d5c71a63f170206,3f714232695f1815cb5218798ceea6078231d08a6128df2e66f2deb9099b4015
167,expansion,html-tables,tables-main,independent,13,,independent,200,1,True,True,,False,55257fe0b222a313575b01920b08db8f52b56cdf70296c8256fd3411d8442c64,a9e45b9c63e4cb81dbe5226b619efd129ff8d189bb92247bf7163a7f6c64a0e6
168,expansion,missing-price,missing-price,independent,4,,independent,200,1,True,,False,,c69d9f93456b9366b1819effdade477f241f04e8272236d6b274287bc5752116,88f54ebafb0554aa51fb954e814bcf675cda53fc7d3d11eb9e3b859bbbe754bd
169,expansion,complete-catalog,complete-catalog,independent,14,,independent,200,1,True,,True,,47f3eaca14127cf37f8b2feb214466cf0a143f01d57644cd5cfa744fd9512f57,719598c354cbf7ca4cf1d2192e67c41acce4a6ef679eef3f80eb93d85e710242
170,expansion,complete-catalog,fresh-cache-pair,fresh-cache-pair,3,1,fresh-cache-primer,200,1,True,,True,,47f3eaca14127cf37f8b2feb214466cf0a143f01d57644cd5cfa744fd9512f57,719598c354cbf7ca4cf1d2192e67c41acce4a6ef679eef3f80eb93d85e710242
171,expansion,complete-catalog,fresh-cache-pair,fresh-cache-pair,3,2,cache-allowed-repeat,200,1,True,,True,,47f3eaca14127cf37f8b2feb214466cf0a143f01d57644cd5cfa744fd9512f57,719598c354cbf7ca4cf1d2192e67c41acce4a6ef679eef3f80eb93d85e710242
172,expansion,complete-catalog,complete-catalog,independent,9,,independent,200,1,True,,True,,47f3eaca14127cf37f8b2feb214466cf0a143f01d57644cd5cfa744fd9512f57,719598c354cbf7ca4cf1d2192e67c41acce4a6ef679eef3f80eb93d85e710242
173,expansion,dynamic-delayed,delayed-js-wait-2500,independent,11,,independent,200,1,True,,,,19a053c2c815e910164261071614328d607cceb4c990bdab9d5c71a63f170206,3f714232695f1815cb5218798ceea6078231d08a6128df2e66f2deb9099b4015
174,expansion,dynamic-delayed,delayed-js-wait-2500,independent,13,,independent,200,1,True,,,,19a053c2c815e910164261071614328d607cceb4c990bdab9d5c71a63f170206,3f714232695f1815cb5218798ceea6078231d08a6128df2e66f2deb9099b4015
175,expansion,html-tables,tables-main,independent,8,,independent,200,1,True,True,,False,55257fe0b222a313575b01920b08db8f52b56cdf70296c8256fd3411d8442c64,a9e45b9c63e4cb81dbe5226b619efd129ff8d189bb92247bf7163a7f6c64a0e6
176,expansion,markdown-article,article-whole,independent,12,,independent,200,1,True,,,,b6ada77c7d683a6fd2e3be83ac8fe1f31342787453429d2da6f6ca1f566553fe,a19141c70808af8f87ad5a8343008a58ea857c64bbe66accaca10bd45095627d
177,expansion,html-tables,tables-whole,independent,11,,independent,200,1,True,True,,False,55257fe0b222a313575b01920b08db8f52b56cdf70296c8256fd3411d8442c64,a9e45b9c63e4cb81dbe5226b619efd129ff8d189bb92247bf7163a7f6c64a0e6
178,expansion,dynamic-domcontentloaded,immediate-js,independent,11,,independent,200,1,True,,,,04b1ae949ee327b84de3c0ca13f5567b22ad05230088052aa7223976f3c2cdcc,5019c5eb789bf2e52d208c930e1e5f7c78467ae927350e90aa9744535596f991
179,expansion,html-tables,tables-main,independent,2,,independent,200,1,True,True,,False,55257fe0b222a313575b01920b08db8f52b56cdf70296c8256fd3411d8442c64,a9e45b9c63e4cb81dbe5226b619efd129ff8d189bb92247bf7163a7f6c64a0e6
180,expansion,missing-price,missing-price,independent,1,,independent,200,1,True,,False,,c69d9f93456b9366b1819effdade477f241f04e8272236d6b274287bc5752116,88f54ebafb0554aa51fb954e814bcf675cda53fc7d3d11eb9e3b859bbbe754bd
181,expansion,dynamic-delayed,delayed-js-wait-2500,independent,5,,independent,200,1,True,,,,19a053c2c815e910164261071614328d607cceb4c990bdab9d5c71a63f170206,3f714232695f1815cb5218798ceea6078231d08a6128df2e66f2deb9099b4015
182,expansion,markdown-article,article-whole,independent,9,,independent,200,1,True,,,,b6ada77c7d683a6fd2e3be83ac8fe1f31342787453429d2da6f6ca1f566553fe,a19141c70808af8f87ad5a8343008a58ea857c64bbe66accaca10bd45095627d
183,expansion,html-tables,tables-whole,independent,2,,independent,200,1,True,True,,False,55257fe0b222a313575b01920b08db8f52b56cdf70296c8256fd3411d8442c64,a9e45b9c63e4cb81dbe5226b619efd129ff8d189bb92247bf7163a7f6c64a0e6
184,expansion,markdown-article,article-main,independent,1,,independent,200,1,True,,,,97d3694479167f6af2c972e9b81bc1ff25d5f62afe466eb442c21bcb32dfc1b0,6176e5df5d46bbf329ad64349f2696a2efededa18487b5618ac106c9f1b35394
185,expansion,complete-catalog,fresh-cache-pair,fresh-cache-pair,8,1,fresh-cache-primer,200,1,True,,True,,47f3eaca14127cf37f8b2feb214466cf0a143f01d57644cd5cfa744fd9512f57,719598c354cbf7ca4cf1d2192e67c41acce4a6ef679eef3f80eb93d85e710242
186,expansion,complete-catalog,fresh-cache-pair,fresh-cache-pair,8,2,cache-allowed-repeat,200,1,True,,True,,47f3eaca14127cf37f8b2feb214466cf0a143f01d57644cd5cfa744fd9512f57,719598c354cbf7ca4cf1d2192e67c41acce4a6ef679eef3f80eb93d85e710242
187,expansion,complete-catalog,complete-catalog,independent,4,,independent,200,1,True,,True,,47f3eaca14127cf37f8b2feb214466cf0a143f01d57644cd5cfa744fd9512f57,719598c354cbf7ca4cf1d2192e67c41acce4a6ef679eef3f80eb93d85e710242
188,expansion,dynamic-domcontentloaded,immediate-js,independent,9,,independent,200,1,True,,,,04b1ae949ee327b84de3c0ca13f5567b22ad05230088052aa7223976f3c2cdcc,5019c5eb789bf2e52d208c930e1e5f7c78467ae927350e90aa9744535596f991
189,expansion,dynamic-delayed,delayed-same-pair,delayed-same-pair,1,1,first-attempt,200,1,False,,,,27654f0c12a0da1a19d29e721c40d8cdd257ffce2ced0a3dca1174a602c209eb,65467a0eb53bdb9fe11901facfdcd8c484d2b4fb2f4c8e9ab81a480bae109b43
190,expansion,dynamic-delayed,delayed-same-pair,delayed-same-pair,1,2,conditional-retry-or-paired-repeat,200,1,False,,,,27654f0c12a0da1a19d29e721c40d8cdd257ffce2ced0a3dca1174a602c209eb,65467a0eb53bdb9fe11901facfdcd8c484d2b4fb2f4c8e9ab81a480bae109b43
191,expansion,markdown-article,article-whole,independent,5,,independent,200,1,True,,,,b6ada77c7d683a6fd2e3be83ac8fe1f31342787453429d2da6f6ca1f566553fe,a19141c70808af8f87ad5a8343008a58ea857c64bbe66accaca10bd45095627d
192,expansion,missing-http-404,404-diagnostic-pair,404-diagnostic-pair,7,1,first-attempt,404,1,True,,,,e95587ffbb4db2548b1964ad3faa36271da3616b5b1581f96e292a07f6cc8c5e,1715e84d7b4a80da769925fac608b587c70abe39ddf5e227549e58b6b8748a49
193,expansion,missing-http-404,404-diagnostic-pair,404-diagnostic-pair,7,2,diagnostic-repeat-permanent-404,404,1,True,,,,e95587ffbb4db2548b1964ad3faa36271da3616b5b1581f96e292a07f6cc8c5e,1715e84d7b4a80da769925fac608b587c70abe39ddf5e227549e58b6b8748a49
194,expansion,complete-catalog,complete-catalog,independent,2,,independent,200,1,True,,True,,47f3eaca14127cf37f8b2feb214466cf0a143f01d57644cd5cfa744fd9512f57,719598c354cbf7ca4cf1d2192e67c41acce4a6ef679eef3f80eb93d85e710242
195,expansion,complete-catalog,complete-catalog,independent,8,,independent,200,1,True,,True,,47f3eaca14127cf37f8b2feb214466cf0a143f01d57644cd5cfa744fd9512f57,719598c354cbf7ca4cf1d2192e67c41acce4a6ef679eef3f80eb93d85e710242
196,expansion,complete-catalog,fresh-cache-pair,fresh-cache-pair,5,1,fresh-cache-primer,200,1,True,,True,,47f3eaca14127cf37f8b2feb214466cf0a143f01d57644cd5cfa744fd9512f57,719598c354cbf7ca4cf1d2192e67c41acce4a6ef679eef3f80eb93d85e710242
197,expansion,complete-catalog,fresh-cache-pair,fresh-cache-pair,5,2,cache-allowed-repeat,200,1,True,,True,,47f3eaca14127cf37f8b2feb214466cf0a143f01d57644cd5cfa744fd9512f57,719598c354cbf7ca4cf1d2192e67c41acce4a6ef679eef3f80eb93d85e710242
198,expansion,missing-price,missing-price,independent,2,,independent,200,1,True,,False,,c69d9f93456b9366b1819effdade477f241f04e8272236d6b274287bc5752116,88f54ebafb0554aa51fb954e814bcf675cda53fc7d3d11eb9e3b859bbbe754bd
199,expansion,dynamic-domcontentloaded,immediate-js,independent,3,,independent,200,1,True,,,,04b1ae949ee327b84de3c0ca13f5567b22ad05230088052aa7223976f3c2cdcc,5019c5eb789bf2e52d208c930e1e5f7c78467ae927350e90aa9744535596f991
200,expansion,dynamic-domcontentloaded,immediate-js,independent,6,,independent,200,1,True,,,,04b1ae949ee327b84de3c0ca13f5567b22ad05230088052aa7223976f3c2cdcc,5019c5eb789bf2e52d208c930e1e5f7c78467ae927350e90aa9744535596f991
