actor,scope,item,quantity,unit,price_usd,price_per,rated_amount_usd,billed_amount_usd,treatment,source
synthetic/usage-extra,event,apify-actor-start,960,event,0.00005,1,0.048,0.048,billed,https://docs.apify.com/actors/publishing/monetize/pay-per-event
synthetic/usage-extra,run_usage,compute,60,CU,0.2,1,12,12,billed,https://apify.com/pricing
synthetic/usage-extra,run_usage,residential_proxy,1,GB,8,1,8,8,billed,https://apify.com/pricing
synthetic/usage-extra,run_usage,serp_proxy,0,SERP,2.5,1000,0,0,billed,https://apify.com/pricing
synthetic/usage-extra,run_usage,unblocker,0,request,1.5,1000,0,0,billed,https://apify.com/pricing
synthetic/usage-extra,run_usage,dataset_storage,0,GB-hour,1,1000,0,0,billed,https://apify.com/pricing
synthetic/usage-extra,run_usage,dataset_reads,0,operation,0.0004,1000,0,0,billed,https://apify.com/pricing
synthetic/usage-extra,run_usage,dataset_writes,100000,operation,0.005,1000,0.5,0.5,billed,https://apify.com/pricing
synthetic/usage-extra,run_usage,kv_storage,0,GB-hour,1,1000,0,0,billed,https://apify.com/pricing
synthetic/usage-extra,run_usage,kv_reads,0,operation,0.005,1000,0,0,billed,https://apify.com/pricing
synthetic/usage-extra,run_usage,kv_writes,0,operation,0.05,1000,0,0,billed,https://apify.com/pricing
synthetic/usage-extra,run_usage,kv_lists,0,operation,0.05,1000,0,0,billed,https://apify.com/pricing
synthetic/usage-extra,run_usage,queue_storage,0,GB-hour,4,1000,0,0,billed,https://apify.com/pricing
synthetic/usage-extra,run_usage,queue_reads,0,operation,0.004,1000,0,0,billed,https://apify.com/pricing
synthetic/usage-extra,run_usage,queue_writes,100000,operation,0.01,1000,1,1,billed,https://apify.com/pricing
synthetic/usage-extra,run_usage,transfer_external,0.2,GB,0.2,1,0.04,0.04,billed,https://apify.com/pricing
synthetic/usage-extra,run_usage,transfer_internal,2,GB,0.05,1,0.1,0.1,billed,https://apify.com/pricing
synthetic/usage-extra,post_run_usage,dataset_storage,24,GB-hour,1,1000,0.024,0.024,billed,https://apify.com/pricing
synthetic/usage-extra,post_run_usage,dataset_reads,100000,operation,0.0004,1000,0.04,0.04,billed,https://apify.com/pricing
synthetic/usage-extra,post_run_usage,dataset_writes,100000,operation,0.005,1000,0.5,0.5,billed,https://apify.com/pricing
synthetic/usage-extra,post_run_usage,kv_storage,0,GB-hour,1,1000,0,0,billed,https://apify.com/pricing
synthetic/usage-extra,post_run_usage,kv_reads,0,operation,0.005,1000,0,0,billed,https://apify.com/pricing
synthetic/usage-extra,post_run_usage,kv_writes,0,operation,0.05,1000,0,0,billed,https://apify.com/pricing
synthetic/usage-extra,post_run_usage,kv_lists,0,operation,0.05,1000,0,0,billed,https://apify.com/pricing
synthetic/usage-extra,post_run_usage,queue_storage,0,GB-hour,4,1000,0,0,billed,https://apify.com/pricing
synthetic/usage-extra,post_run_usage,queue_reads,0,operation,0.004,1000,0,0,billed,https://apify.com/pricing
synthetic/usage-extra,post_run_usage,queue_writes,0,operation,0.01,1000,0,0,billed,https://apify.com/pricing
synthetic/usage-extra,post_run_usage,transfer_external,0.1,GB,0.2,1,0.02,0.02,billed,https://apify.com/pricing
synthetic/usage-extra,post_run_usage,transfer_internal,0,GB,0.05,1,0,0,billed,https://apify.com/pricing
synthetic/second-nonoverlapping-usage-extra,event,apify-actor-start,960,event,0.00005,1,0.048,0.048,billed,https://docs.apify.com/actors/publishing/monetize/pay-per-event
synthetic/second-nonoverlapping-usage-extra,run_usage,compute,60,CU,0.2,1,12,12,billed,https://apify.com/pricing
synthetic/second-nonoverlapping-usage-extra,run_usage,residential_proxy,1,GB,8,1,8,8,billed,https://apify.com/pricing
synthetic/second-nonoverlapping-usage-extra,run_usage,serp_proxy,0,SERP,2.5,1000,0,0,billed,https://apify.com/pricing
synthetic/second-nonoverlapping-usage-extra,run_usage,unblocker,0,request,1.5,1000,0,0,billed,https://apify.com/pricing
synthetic/second-nonoverlapping-usage-extra,run_usage,dataset_storage,0,GB-hour,1,1000,0,0,billed,https://apify.com/pricing
synthetic/second-nonoverlapping-usage-extra,run_usage,dataset_reads,0,operation,0.0004,1000,0,0,billed,https://apify.com/pricing
synthetic/second-nonoverlapping-usage-extra,run_usage,dataset_writes,100000,operation,0.005,1000,0.5,0.5,billed,https://apify.com/pricing
synthetic/second-nonoverlapping-usage-extra,run_usage,kv_storage,0,GB-hour,1,1000,0,0,billed,https://apify.com/pricing
synthetic/second-nonoverlapping-usage-extra,run_usage,kv_reads,0,operation,0.005,1000,0,0,billed,https://apify.com/pricing
synthetic/second-nonoverlapping-usage-extra,run_usage,kv_writes,0,operation,0.05,1000,0,0,billed,https://apify.com/pricing
synthetic/second-nonoverlapping-usage-extra,run_usage,kv_lists,0,operation,0.05,1000,0,0,billed,https://apify.com/pricing
synthetic/second-nonoverlapping-usage-extra,run_usage,queue_storage,0,GB-hour,4,1000,0,0,billed,https://apify.com/pricing
synthetic/second-nonoverlapping-usage-extra,run_usage,queue_reads,0,operation,0.004,1000,0,0,billed,https://apify.com/pricing
synthetic/second-nonoverlapping-usage-extra,run_usage,queue_writes,100000,operation,0.01,1000,1,1,billed,https://apify.com/pricing
synthetic/second-nonoverlapping-usage-extra,run_usage,transfer_external,0.2,GB,0.2,1,0.04,0.04,billed,https://apify.com/pricing
synthetic/second-nonoverlapping-usage-extra,run_usage,transfer_internal,2,GB,0.05,1,0.1,0.1,billed,https://apify.com/pricing
synthetic/second-nonoverlapping-usage-extra,post_run_usage,dataset_storage,24,GB-hour,1,1000,0.024,0.024,billed,https://apify.com/pricing
synthetic/second-nonoverlapping-usage-extra,post_run_usage,dataset_reads,100000,operation,0.0004,1000,0.04,0.04,billed,https://apify.com/pricing
synthetic/second-nonoverlapping-usage-extra,post_run_usage,dataset_writes,100000,operation,0.005,1000,0.5,0.5,billed,https://apify.com/pricing
synthetic/second-nonoverlapping-usage-extra,post_run_usage,kv_storage,0,GB-hour,1,1000,0,0,billed,https://apify.com/pricing
synthetic/second-nonoverlapping-usage-extra,post_run_usage,kv_reads,0,operation,0.005,1000,0,0,billed,https://apify.com/pricing
synthetic/second-nonoverlapping-usage-extra,post_run_usage,kv_writes,0,operation,0.05,1000,0,0,billed,https://apify.com/pricing
synthetic/second-nonoverlapping-usage-extra,post_run_usage,kv_lists,0,operation,0.05,1000,0,0,billed,https://apify.com/pricing
synthetic/second-nonoverlapping-usage-extra,post_run_usage,queue_storage,0,GB-hour,4,1000,0,0,billed,https://apify.com/pricing
synthetic/second-nonoverlapping-usage-extra,post_run_usage,queue_reads,0,operation,0.004,1000,0,0,billed,https://apify.com/pricing
synthetic/second-nonoverlapping-usage-extra,post_run_usage,queue_writes,0,operation,0.01,1000,0,0,billed,https://apify.com/pricing
synthetic/second-nonoverlapping-usage-extra,post_run_usage,transfer_external,0.1,GB,0.2,1,0.02,0.02,billed,https://apify.com/pricing
synthetic/second-nonoverlapping-usage-extra,post_run_usage,transfer_internal,0,GB,0.05,1,0,0,billed,https://apify.com/pricing
